Code,Name
LTO,Large Taxpayers Office
LSTO,Lilongwe Small Taxpayers Office
BSTO,Blantyre Small Taxpayers Office
LMTO,Lilongwe Medium Taxpayers Office
BMTO,Blantyre Medium Taxpayers Office
ZMTO,Zomba Medium Taxpayers Office
MZUMTO,Mzuzu Medium Taxpayers Office
BLK,Balaka Domestic Taxes
CHI,Chitipa Station
DED,Dedza Domestic Taxes
DWA,Dwangwa Domestic Taxes
GCO,
KAR,Karonga Domestic Taxes
KAS,Kasungu Domestic Taxes
LIW,Liwonde Domestic Taxes
MAN,Mangochi Domestic Taxes
MCH,Mchinji Domestic Taxes
MUL,Mulanje Domestic Taxes
MZI,Mzimba Domestic Taxes
MZU,Mzuzu Domestic Taxes
NTC.,Ntcheu Domestic Taxes
SAL,Salima Domestic Taxes
ZOM,Zomba Domestic Taxes
